{
  "project_info": {
    "project_number": "70934877475",
    "project_id": "demandium-16b0f",
    "storage_bucket": "demandium-16b0f.appspot.com"
  },
  "client": [
    {
      "client_info": {
        "mobilesdk_app_id": "1:70934877475:android:48f13ee5994b6a520e2896",
        "android_client_info": {
          "package_name": "com.sixamtech.demandium"
        }
      },
      "oauth_client": [
        {
          "client_id": "70934877475-4mcsmv36ivoj7m0o8isku645op51ej4u.apps.googleusercontent.com",
          "client_type": 1,
          "android_info": {
            "package_name": "com.sixamtech.demandium",
            "certificate_hash": "40d632f22524c13a03fbd731007d7e586a846ef0"
          }
        },
        {
          "client_id": "70934877475-hjdi8ngqcgi6a8avlc15sl4brfi990ds.apps.googleusercontent.com",
          "client_type": 1,
          "android_info": {
            "package_name": "com.sixamtech.demandium",
            "certificate_hash": "1c709b30ffe6d77ea04539d27bb2d3bc7f7dda3a"
          }
        },
        {
          "client_id": "70934877475-m8ruo7s83lev6js56vmb7gsviibvparh.apps.googleusercontent.com",
          "client_type": 1,
          "android_info": {
            "package_name": "com.sixamtech.demandium",
            "certificate_hash": "b9b0e55da089ae006457e4a7525d5d81e69555fc"
          }
        },
        {
          "client_id": "70934877475-hehiapc4v5ornjeal7k7ee7s1n50nq22.apps.googleusercontent.com",
          "client_type": 3
        }
      ],
      "api_key": [
        {
          "current_key": "AIzaSyDZNyc4OONFqqlP9jrM5Ovlnf4CF6H4620"
        }
      ],
      "services": {
        "appinvite_service": {
          "other_platform_oauth_client": [
            {
              "client_id": "70934877475-hehiapc4v5ornjeal7k7ee7s1n50nq22.apps.googleusercontent.com",
              "client_type": 3
            }
          ]
        }
      }
    }
  ],
  "configuration_version": "1"
}